a,diameter,rot_per
2.76539483535555,848.40,9.075
2.77225498121759,498.07,7.8132
2.66791469885854,233.92,7.210
2.36130501529714,468.30,5.342
2.57332353654846,119.07,16.800
2.42518881432432,185.18,7.2745
2.3851151897225,199.83,7.139
2.20228777927549,135.89,12.7990
2.38637044097221,190,5.079
3.13744077695485,407.12,27.623
2.45252260939605,153.33,9.43
2.33400112202999,112.77,8.6599
2.57726659916218,207.64,7.045
2.58481635551983,152,15.06
2.64335509430686,255.33,6.083
2.92026076144059,253.16,4.196
2.4703404,90.04,12.2660
2.29523635726605,140.57,11.5714
2.44175491408002,200,7.4432
2.40916073249729,145.50,8.098
2.4346995280481,95.76,8.1655
2.90905101520964,181.00,4.148
2.62767285471105,107.53,12.3122
3.13031505257418,198,8.374
2.40069677682259,75.13,9.945
2.65588031919787,94.80,10.60
2.34784688779756,96,10.410
2.77845879136598,120.90,15.695
2.55451275194929,212.22,5.390
2.36665440152565,100.15,13.686
3.150085805402,255.90,5.531
2.58688897796918,80.76,9.448
2.6849026,113.54,12.15
2.9911304,103.11,32.
2.74702635594607,105.61,9.93
2.64136957816077,108.35,7.3335
2.74140188642429,115.93,12.84
2.76837372902733,149.52,5.138
2.26712587712955,107.62,8.910
2.76556634626919,174.00,5.988
2.44188225032293,100.20,13.5970
2.20344862781279,65.88,5.762
2.42359525776641,70.64,6.422
2.72018284151806,214.63,5.699
2.52496166798964,124.14,21.04
2.87798019538944,126.96,13.20
3.10960752450475,221.80,11.89
3.0845825,149.80,10.42
2.6493949876258,99.82,14.31
2.36584064149282,147.86,7.783
3.10239170287471,302.50,5.633
2.61864457997738,115.38,17.
2.71185947186048,165.75,7.024
2.75913982867858,66.70,4.8040
2.59507473853043,113.24,18.14
3.1498,112.59,12.463
2.69959969404495,93.43,9.895
2.71526871017191,164.80,13.69
2.39354109038051,60.20,25.206
2.9823675,82.04,11.45
3.12045010257797,95.39,9.2213
2.39601227578087,103.14,9.2976
3.43393533246857,237.26,4.041
2.6453648,71.82,9.733
2.42156359424082,58.11,15.89
2.78221822947237,122.57,14.848
2.98243807267204,138.13,5.6552
2.6158221,122.17,15.797
2.75432344052395,83.42,35.5
2.26630690396789,85.90,8.097
2.6665458,44.44,8.297
2.77772981077906,118.71,8.629
2.6732831,55.91,5.357
3.4167703,183.66,9.972
2.6679324,69.25,9.012
2.62019355921691,120.60,7.225
2.44422695315829,66.47,5.978
2.2956732,78.39,14.030
2.8528538,119.08,11.02
2.75950528369472,60.96,12.999
2.43262897291725,81.37,10.16
2.3628561,79.16,5.80
2.65269482101619,154.79,6.8751
3.11961651160287,120.56,16.634
3.48988205190325,260.94,5.184
2.76808603510217,200.58,6.0413
2.55033650108616,151.46,11.387
3.15597769705851,120.07,16.509
2.59196627250618,109.81,6.025
3.19055396396617,126.42,15.94
2.75483912060895,141.55,5.982
3.16486958471378,204.89,7.22
3.0670239,136.04,8.688
3.05818971849989,170.02,13.82
2.66808681004569,82.83,35.15
2.68441231937725,104.45,16.5
2.66410522719267,69.04,10.35
3.0935873,88.66,13.333
2.58304122251975,65.84,23.080
2.6649333,83.00,15.789
2.7021437,91.20,23.74
3.16078703140993,123.68,8.984
2.3737847617791,119.08,16.84
3.16726541678815,146.59,16.26
3.47791021627339,222.62,4.8439
2.6954759,89.44,13.191
2.7349475,86.09,10.927
2.59422117584164,134.55,22.2
2.37559909626051,46.14,9.935
2.67784079375299,99.65,10.758
2.3812802,79.83,7.241
2.7698508000819,71.70,12.028
2.99064706735113,148.71,9.127
2.4383771,41.73,7.78
2.5809695,57.30,11.484
3.11508988738125,174.10,45.84
3.45262430476455,209.00,5.551
3.2214692,81.69,10.685
2.6944318,47.97,10.04
2.63046441317847,76.36,9.921
2.7423847,43.58,3.968
2.4390372,44.82,5.364
2.75609375790009,122,11.
2.74875783177728,188.16,39.
2.86739332290373,113,4.9572
3.12247347149565,182.25,5.225
2.6091497,42.87,5.168
3.0616711,66.57,12.708
2.56337467714724,123.27,17.196
2.42813097231144,79.24,8.4006
2.2872118,40.14,11.5
3.11627140314855,145.42,15.13
2.4488221,45.50,10.101
2.78313985036979,156.60,20.991
2.733085132012,109.79,18.495
2.6657187,131.03,19.86
2.4180988,55.29,9.764
2.65421782820907,142.38,13.819
2.67462852915044,151.14,8.1
2.71833424753175,132.21,18.557
3.1346147,132.93,7.853
2.7704139,97.75,20.664
2.17502,19.75,26.
2.9792286,151.13,8.140
2.5916426,45.37,9.864
3.9805224,170.63,5.11
2.7607888,39.9,7.958
2.73297182552344,120.99,22.37
2.8684422,35.37,14.206
3.10047550803031,124.97,25.
2.7272191,81.24,5.61
2.3794094,44.19,7.288
3.0258647,99.10,11.87
2.36766784278896,72.63,16.136
2.63261496007559,104.87,13.66
3.1264732,154.78,7.226
2.8528271,39.94,13.07
2.3583219,33.60,13.27
2.5528507,44.30,13.14
3.13564156817772,116.69,13.4
2.3802677,62.43,27.417
2.74203848297087,154.10,6.163
2.8582358,69.24,5.744
3.1852888,101.17,7.668
3.1907715,121.04,11.289
2.76884872064371,73.22,14.208
2.4598828,35.81,12.321
2.9708988,77.69,11.173
3.1385589,106.66,24.
2.41676249697091,43.68,80.
2.7941924,35.43,11.77
3.1823079,66.47,6.455
2.740669,157.51,10.83
2.3616355,49.99,19.6
2.73174209393759,130.40,10.663
2.7616548,38.61,11.974
3.98118203001518,159,6.52
2.89472237012633,101.03,27.80
2.40297645716532,103.26,13.622
2.6171867593426,168.42,15.67
2.8791922,85.71,16.521
3.1171185379099,136.39,8.343
2.7424953,29.18,6.54
2.4603173,57.16,10.383
2.73674291847277,128.36,19.
2.6790358,68.39,3.7474
3.074234,86.15,15.74
2.73661197470357,116.25,46.6
2.6728622,48.57,14.1
2.73965703559811,113,11.11
2.8916898,41.33,14.085
3.14850857113503,159.94,5.7366
3.04033659776146,143.19,18.365
3.1119027,136.12,10.283
2.75407809250333,83.01,8.045
2.6112477,23.16,6.835
2.766433,35.51,20.
2.79467255223235,135.07,5.385
2.8771055,66.24,12.54
2.6659343,60.62,6.337
2.3546921,40.56,29.842
2.3478059,31.12,18.198
3.0117346,103.87,10.436
3.134341,54.66,7.
2.6445906,61.82,9.385
3.38646957870976,120.49,7.356
2.2018088,9.30,6.484
3.4150494,93.20,6.60
2.38294184559598,108.99,23.9845
2.9198606,82.33,14.244
2.6600393,102.78,19.70
2.3860869,43.75,26.5
2.883137,57.58,17.56
2.8028187,86.20,12.333
2.9068875,148.49,8.86
2.9750641,41.52,18.347
2.6638977,103.90,10.64
3.05098048370839,168.90,15.51
2.8629741,38.90,4.543
2.86149916397912,27.99,4.634
3.09772574638001,79.50,14.38
2.6944465,60.10,16.222
2.74041179445558,134.43,12.10
2.47162256468303,48.66,12.00
3.1551085,79.75,5.0544
2.64672803563523,58.05,417.7
2.1946984,12.11,6.0
3.1155376,72.66,15.7059
2.6148891,64.78,10.041
3.45255026853777,94.67,8.29
2.331950163816,50.93,8.002
2.8854086,23.24,16.809
2.8014744,50.48,9.238
2.4203571,23.66,11.681
2.80397372259604,109.09,12.3
2.77257508572576,52.68,7.468
3.0946842,139.89,7.8
2.6173612,53.62,16.545
2.19801450170873,50.78,15.06
2.3950417,29.27,20.
3.0397165,26.57,17.96
3.1140632,121.60,6.32
2.8893733,27.19,29.69
2.7552144,35.01,6.497
4.2749937,126.59,7.44
2.1875609,11.76,4.348
2.3394066,39.03,6.42
3.0423808,148.06,6.888
2.35795289861899,52.95,8.545
3.1945037,94.30,15.365
2.35305239179326,67.60,7.603
2.7550753,32.21,1200.
2.8718133,33.73,6.902
2.222456,14.97,4.32
2.5288945,32.50,8.93
2.7975359,27.72,10.70
3.1607754,39.48,4.163
3.2071447,80.18,6.818
2.7248296,54.32,12.24
2.4052736,38.53,14.381
3.1206601,99.29,12.502
2.4032426,67.86,18.36
3.1029367,49.17,16.2
2.3581155,46.70,8.740
2.9138467,54.96,7.902
2.7493162,140.69,12.032
2.6652623,45.32,13.2
2.8973968,24.05,7.532
2.7817729,49.96,10.282
2.3759744,96.34,8.392
3.1705688,47.92,8.605
2.286622,18.67,8.169
2.885291,27.23,2.871
2.7855863,70.84,17.5845
2.3814746,35.82,9.46
2.68264264010563,229.44,29.43
3.2026955,75.72,6.737
2.3173768699009,93.00,14.184
2.7761262,26.1,6.55
2.4764153,77.80,15.201
3.0226924,74.92,6.82
2.7727941,40.37,6.003
3.1282139,78.17,9.96
3.8873973783847,158.55,7.35
2.4748078,89.07,12.035
2.25208910341778,69.31,13.70
2.38290551414292,59.11,4.6537
2.9115418,63.11,4.6
3.0147158,38.25,5.5
2.7454537,30.24,7.7
2.569147,60.63,7.05
2.59510221244579,132.27,10.77
2.32543827089267,94.12,12.371
2.7949215,106.52,28.43
2.612979,51.36,4.0529
2.9696472,82.82,7.385
2.92482774516788,139.77,4.7012
3.1115337,118.35,9.17
2.7635264,39.59,13.29
2.1940344,20.27,7.490
2.80007390407359,155.17,4.277
2.5380114,22.79,4.830
2.7555222,131.31,31.82
3.1557579,106.10,34.97
2.7298762,43.89,5.533
2.998872,115.76,6.188
3.95456889542503,141.72,13.83
2.5783928,98,18.
2.74673812996455,97,8.401
2.2215143,27.99,9.155
2.805832,105.92,6.354
2.219094,19.13,5.05
3.0737905769226,69.61,8.642
2.6486934,60.00,4.787
2.7264784,54.64,10.739
3.14506133301218,188.62,8.5910
3.1124429,95.77,12.97
2.7800647,44.67,6.972
3.1235746,216,16.83
2.288543,34.91,7.734
2.6916253,91.05,8.507
2.7757789,26.74,4.450
3.13034191098073,92.33,7.022
2.6783738,73.19,13.69
3.2197803,120.58,6.572
3.1155359,58.37,4.116
3.1438707,45.52,6.4
2.84750016840712,91.53,62.35
2.89488754804412,165.01,9.763
2.73940400225402,100.51,24.144
3.00610688705358,114.17,9.516
2.60869505789527,79.23,8.53
2.6524292,23.74,3.74
2.77921314885889,96.89,38.7
2.7604573,31.32,16.5
2.7859943,50.98,19.706
2.63506019207128,43.34,15.48
3.056097,49.13,9.136
3.1276726,33.66,6.87
3.34523291188756,99.12,6.049
2.5594705,54.21,7.111
2.8109255,49.49,12.288
2.59463630445613,97.71,8.887
2.58358440254961,124.90,10.08
2.9144996,49.19,8.789
2.5760172726743,161.61,9.020
2.7282097,123.57,32.50
2.9345087,76.53,7.480
2.7630172,90.96,19.67
2.5856724,31.95,15.
2.7908176,76.34,20.73
2.79173433141889,85.47,5.372
2.8018131,40.69,7.034
2.5924325,34.10,4.671
2.59631084963058,129.01,16.709
3.41289519498093,141.25,11.017
3.06623389832151,208.77,4.775
2.7728132,87.20,19.47
2.8874968,63.85,17.56
2.88792723451232,127.10,34.3
2.3076392,17.65,3.634
2.60679648773713,69.62,13.577
2.8452658,33.33,7.205
3.1394269,95.03,9.102
2.3687872,46.90,8.252
1.4580892888287,16.84,5.270
2.4495837,41.49,4.623
3.2026286,59.53,16.133
2.5530311,61.14,8.831
3.1318611,76.57,19.2
2.8056691,70.32,10.447
2.3452662,66.73,11.871
2.77418420545597,163.08,6.214
3.2011467,87.17,19.97
2.7879731,45.40,15.85
2.9878526,79.22,9.651
3.06071163502954,224.96,9.727
2.1831125,20.93,6.4
2.6270338432021,81.57,7.075
2.65574644717306,84.41,11.838
2.7860245,39.76,18.203
2.9929133,38.75,22.3
2.6200976,29.32,6.38
2.8758675,35.63,8.64
2.39797818650586,19.97,6.206
2.8069703,74.04,12.91
3.35886919276814,115.53,8.824
3.1681071,125.57,12.3
2.88635509897458,134.19,7.113
2.5451227,47.27,9.8007
2.6501035273926,116.76,27.33
3.014677,79.46,16.105
2.7194949,72.98,9.4277
2.6443657,56.22,16.19
2.9968887,46.57,18.
3.4222929,69.37,12.727
2.6669542,31.61,10.63
2.7503131,63.88,17.59
2.3516812,21.85,65.90
2.6724061,63.15,13.28
3.15795993087527,150.13,19.26
3.15300051820829,139.39,9.02
3.1690802,115.55,7.930
3.1890157,97.29,14.87
3.1189704,51.69,6.488
2.9889125,85.52,5.57
2.4874058,38.85,29.2
2.6502889,81.83,20.
4.009533,81.38,13.48
2.3826438,15.98,10.5
2.7243734,81.68,38.7
2.7210863,30.02,24.06
2.68543784207032,115,8.1789
3.0395924,105.94,10.599
3.156126,43.78,4.705
3.15986522374845,142.35,52.8
3.0646238,52.99,12.306
2.6100254,57.44,19.4
3.165652182294,326.06,5.1294
2.1895715,23.09,5.585
3.0191088,50.15,5.23
3.04607798716713,106.17,21.874
2.6800851,73.10,7.49
3.1475676,91.12,9.274
2.7897515,48.25,17.962
3.0058861,28.67,14.0
3.63118308693936,101.22,8.126
2.9657945,31.89,10.03
2.63498775381888,71.73,14.195
3.1172983,41.49,9.474
3.395492,83.42,7.337
3.0160879,32.01,27.
3.1830666,84.85,19.947
2.7837217,15.19,12.
2.77174766192108,222.39,9.405
2.8836628,33.12,9.47
2.5690957,74.49,10.2482
3.50441786440237,151.42,8.78
3.070258,39.11,16.250
2.7373392,53.97,13.903
2.2193496,19.02,9.336
2.9053884,41.57,10.0747
3.0587195,34.37,10.718
2.5903646,24.58,7.745
3.2012688,111.29,7.2
2.7721612,69.68,9.105
2.6823482,18.81,5.938
2.5883482,37.75,20.555
2.9646377,78.46,13.05
2.37394541361567,95.87,13.63
2.4648608,37.81,4.293
2.9065928,59.31,11.387
2.71246230590955,79.82,10.061
2.7117465,53.29,5.69
2.7515884,49.57,8.882
2.4439966,27.57,4.587
2.6565409,72.95,13.154
3.4194064,102.81,8.120
2.4003111,29.63,5.65
3.011647,48.00,7.165
2.5558178,21.26,3.678
2.9819887,84.68,8.192
2.75132661215603,69.29,10.00
3.0103559,85.57,16.5
3.236723,45.79,9.473
3.2165584,63.66,16.54
2.6092374,43.41,36.0
3.1700448,81.64,9.210
2.37508208237291,54.01,5.0689
2.4300208,58.09,6.442
3.0421828,82.37,10.630
3.0007641,39.87,5.562
2.6815225,51.86,7.35
2.6971084,75.32,9.899
2.6306468,9.23,4.966
3.208998,109.07,11.806
2.9258665,113.34,15.848
2.6718089,36.06,11.496
2.7706553,64.87,9.566
2.6596177,24.90,5.886
3.1425588,65.16,5.5596
2.9978119,69.86,15.855
2.8527108,62.78,7.344
2.979896,56.97,10.80
2.6967007,25.81,4.572
2.5533181,18.15,5.301
5.22569333211203,225,6.921
2.64523,28.37,21.101
2.573673,100.73,19.39
2.581206,49.72,16.135
2.6229013,17.21,79.18
2.790492,57.65,5.923
3.042478,69.44,11.803
2.9074208,74.29,14.603
2.7325522,65.44,9.875
3.0202225,71.25,6.22
3.1572748,80.79,7.768
3.1958231,33.36,8.231
3.3575638,71.57,14.171
3.2031525,28.00,32.6
3.0235276,33.04,20.287
3.0137065,39.22,14.14
2.29655776848835,127.40,31.9
3.146848,53.17,7.035
2.6110329,42.52,15.7
5.1950342,108.87,15.1
2.534154,42.24,7.92
3.0164775,48.05,5.536
3.0610847,100.88,10.240
3.2086809,72.68,10.76
3.1486228,51.09,4.29
2.5920957,27.04,15.45
3.1818569,81.28,12.687
2.805554,34.07,10.045
2.8165217,37.53,14.92
2.9280966,97.35,30.96
2.768172,76,7.7172
3.0606074,79.99,7.870
2.57429605617972,41.80,11.606
2.5886987,51.47,8.452
3.1160922,83.04,8.630
2.5885544,41.13,6.313
2.3151264,14.36,6.425
3.140636,134.65,8.64
3.0184238,87.68,10.482
3.3821796,45.90,8.98
2.6694563,90.78,5.9220
2.5392208,48.18,14.222
3.1688451,75.76,17.988
2.8811641,80.14,16.538
2.8696376,27.03,5.033
2.2292864,15.44,6.075
3.0156572,40.18,9.090
3.19509020725671,194.73,8.36
3.06107455620104,316.62,8.727
2.9239758,134.22,53.96
2.7271835,29.22,22.072
2.91280756428628,96.56,52.4
2.57418897938891,127.57,11.732
3.40073503400733,105.52,8.28
2.5352579,39.18,6.998
2.8874269,33.73,8.919
3.5591495,76.07,8.0
2.5723815,21.51,3.749
2.5657554,44.02,13.04
2.5666302,32.17,5.07
2.7598801,49.15,16.71
2.9908126,41.78,8.184
2.4565567,37.61,12.34
3.3983663,88.71,11.35
3.1487845,70.82,7.106
2.7303264,74.32,15.95
2.2026121,16.66,6.7
2.5907703,44.07,14.13
3.0332504,62.79,17.83
2.736921,107.53,11.931
3.0113254,45.60,18.386
2.7924457,53.17,10.23
3.1678157,58.69,17.47
3.10293843915945,69.75,7.787
2.99304678046352,171.71,9.402
3.93726412921278,102.97,11.88
2.4437845,20.57,6.47
2.5499106,110.50,23.678
2.4635589,62.77,27.367
2.3288797,23.59,9.85
2.98890279328051,87.62,11.740
3.1717668,36.04,4.551
3.1967554,71.50,9.362
2.3731489,32.09,6.58
3.1887693,85.48,6.902
2.6194502,45.11,14.229
3.1577631,71.29,10.72
3.16035057046385,137.08,5.839
3.0234014,31.28,3.446
3.1744726,106.44,35.08
2.220814,16.00,5.951
2.6555966,29.38,5.892
2.8572836,95.88,6.7514
3.010041,33.59,6.104
2.9376055368406,151.17,7.668
3.2292284,65.57,12.88
3.2042582,64.06,11.659
2.6648847,76.62,11.186
3.2229134,66.02,19.059
2.1799493,11.88,4.08
2.3429184,40.02,34.4
3.0976481,89.42,13.
2.5689113,48.54,8.8882
2.5382492,27.51,6.0556
3.4090623,170.37,10.37
2.6207457,60.73,9.17
2.7514977,74.66,8.641
2.6343891,44.96,7.75
3.0163667,43.19,8.53
2.8380929,157.58,14.845
3.0159267,26.24,7.4
2.7439589,32.49,30.631
3.1504625,109.56,35.8
2.6589268,21.1,4.421
3.0018761,59.85,10.58
2.5892392,22.05,10.56
3.1669448,49.45,16.35
2.2264161,11.02,6.746
2.5815842,43.76,7.891
2.8972636,59.81,15.67
2.6141265,20.39,10.366
2.7824555,28.04,14.827
3.1551427,61.82,4.116
2.22874,12.26,9.34
2.3622295,23.01,4.6134
2.3124001,27.00,9.31
2.1901474,15.03,8.23
2.8092624,23.51,22.31
2.7946,29.32,9.386
3.1380357,66.85,10.951
2.8028329,27.26,15.05
3.2002383,27.06,7.03
3.1230104,88.31,20.03
2.7058027,52.47,41.33
2.7317076,30.04,7.20
2.6256272,29.04,10.6
3.1539587,56.47,14.586
2.55244,13.75,12.638
2.4864436,38.41,17.44
3.0910653,33.43,4.90
3.1801397,90.56,9.001
2.48621634781006,4.2,73.97
2.7083318,44.65,5.49
2.8594952,51.95,7.93
3.04928,76.14,10.51
3.1180193,36.54,4.69
3.2016228,141.90,9.396
2.9134797,27.69,6.245
2.4731058,18.78,16.5
3.2402671,63.43,21.60
2.9914162,58.75,4.93
2.2166773,21.33,10.
2.7973984,62.73,22.44
2.4736545,24.37,18.20
3.53956614170356,116.44,8.73
3.1305575,83.17,48.43
2.4576056,76.61,15.62
2.381781,28.10,7.92
3.1813983,58.48,15.64
2.69989768968488,54.34,7.880
2.9918093,48.48,26.1
3.2318247,67.57,12.994
3.1318138,66.49,14.13
3.1895705,45.27,19.20
2.7500352,53.35,8.166
3.1287344,39.56,8.80
3.3590424,87.21,15.57
3.1247427,69.21,15.66
5.74924050869827,38.,10.063
2.6374196,25.47,7.365
2.7508252,26.90,5.1655
2.20954709907243,12.2,7.042
2.9828328,81.61,7.51
3.137394,58.03,14.415
2.5953276,17.33,5.19
2.9180768,73.73,5.391
3.9812126,47.08,25.3
2.7205578,23.43,5.355
2.6398435,63.75,9.60
3.2130398,51.60,7.29
2.5331163,18.39,38.7
2.8339132,26.49,7.158
3.206663,80.53,9.746
3.115056,65.67,15.405
3.1924768,78.73,10.099
2.7428676,86.19,20.117
2.8055817,31.91,5.781
3.139031,50.94,9.52
3.1492458,43.67,10.523
3.0238492,27.33,13.308
2.5297543,24.42,5.95
2.6143632,31.62,15.26
3.0891281,29.53,7.20
2.6119479,17.9,22.77
3.1764616,47.78,9.47
3.1715369,57.82,8.7819
3.0909022,38.64,8.998
2.9314017,43.47,31.06
2.4802938,21.12,10.32
2.6809872,31.93,6.0
2.6056278,37.65,7.87
1.911537,8.37,3.832
2.7389475,99.39,12.146
2.8078181,26.39,3.833
3.3954318,71.38,15.69
2.8907306,20.78,15.37
3.0480591,75.47,51.0
3.1460405,50.69,9.081
2.66601943897943,31.66,10.31
3.9589526,58.3,23.2
3.1111339,35,59.2
3.2381866,73.64,16.26
2.7331721497938,70.16,10.46
3.2170662,67.21,20.
2.9194456,45.47,7.650
2.8895284,40.47,28.8
3.0095644,55.10,33.8
2.3141058,17.75,5.791
3.1301257,39.50,8.643
2.4752139,22.63,7.336
2.6884369,27.19,6.153
3.181987,69.95,18.168
3.161348,66.27,18.074
3.0131807,31.75,5.794
2.213535,12.92,16.44
3.0233594,31.52,2.787
2.6003186,45.83,13.031
2.691123,24.73,7.142
3.2321892,37.86,12.68
3.1811049,79.17,8.561
2.4271661,25.61,9.70
3.1072724,38.50,18.465
2.9216096,39.12,8.832
3.211608,77.20,15.61
2.5956292,46.84,12.749
3.024968,34.76,7.61
2.6677769,50.64,23.47
2.7726325,27.75,9.77
3.053385,31.14,11.514
3.0127771,33.23,6.
2.8973313,55.57,27.5
2.4265861,15.69,3.418
2.5659569,19.06,6.863
2.3793273,29.98,31.
3.1226629,48.82,7.9374
2.5359018,28.74,6.30
3.4090887,63.12,14.3
2.5515502,10.61,11.444
3.1789747,70.13,10.98
5.3246148,126.27,11.60
3.0192467,16.21,12.
2.6912103,30.65,4.0791
3.3491177,91.98,6.81
2.6802698,19.09,19.17
3.9940147,97,14.902
2.2603388,14.26,29.8
3.0176787,35.56,12.010
2.1901771,12.40,3.493
2.9311017,55.88,19.303
2.6524569,29.17,6.32
2.8791837,47.50,16.062
3.0605092,39.52,13.34
3.9770078,54.93,9.45
3.0199904,22.93,9.073
5.2365533,103.34,24.
3.0130047,33.65,15.3
3.1386649,33.20,16.
2.7111015,35.29,9.860
2.2126117,11.43,5.575
2.3041138,13.94,4.995
2.58107132918571,16.39,4.097
2.6124232,39.81,16.37
2.6672663,19.96,8.94
3.1857973,83.05,8.856
2.7348194,47.70,17.305
3.0988445,70.07,26.017
2.8946424,26.84,4.84
2.6196278,18.11,20.
2.2242914,12.41,18.223
2.5535485,21.00,3.92
2.6953939,17.39,10.636
3.1423754,31.28,8.693
3.0022947,51.49,17.57
2.6657218,49.29,7.231
3.3603341,73.34,11.82
2.4681965,23.41,5.50
3.96291291293379,94.10,14.05
2.6793627,28.65,5.649
2.6993988,27.64,17.19
3.410414,50.83,12.6
2.5586147,21.65,15.2
3.1158278,53.07,13.623
2.6446487,36.81,9.644
2.8606885,25.62,3.60
3.0135865,26.78,5.55
2.6888335,34.71,6.63
2.4180107,25.25,5.184
2.7633909,22.77,7.320
3.2047357,42.94,4.67
3.1455162,67.14,15.05
2.9113582,43.16,6.028
3.2033656,57.15,13.95
2.9860294,39.72,4.
2.9445241,30.8,6.78
3.1709877,55.08,9.67
2.9088951,38.86,12.52
3.1767161,25.87,3.525
2.7431102,27.49,11.89
3.9803033,71.82,11.40
2.8573091,23.35,6.0
3.2028726,64.91,73.9
3.0830618,64.73,12.422
2.6329155,29.84,8.87
3.2214408,29.90,6.907
2.8740038,27.55,16.57
2.5236141,19.29,3.64
3.1164756,41.24,8.397
2.3756693,18.18,4.325
3.0159942,25.22,11.95
3.4366286,101.58,17.100
2.6074964,26.44,18.
2.7182104,32.80,5.458
2.6762943,35.54,11.644
3.0210889,28.95,4.3
2.858803,26.14,12.307
2.6103792,14.94,6.967
2.5804624,15.44,4.404
2.7516552,37.56,4.797
3.0181881,29.65,8.17
5.1584533,164.31,24.46
3.9942621,47.87,12.95
3.1511145,29.20,10.756
2.6140515,14.88,12.66
1.897122,7.23,6.
3.1394596,29.90,4.678
3.1296972,32.94,16.56
2.7158392,33.04,6.60
2.3527614,18.58,6.647
2.5474938,11.05,15.132
2.6260346,18.43,9.958
2.3991575,12.70,10.44
1.8664051,8.17,3.247
2.619831,19.92,17.370
2.7173649,36.16,6.943
3.1051933,53.61,5.23
3.1107973,42.79,9.276
3.0133069,26.13,7.08
2.7282288,22.12,9.75
2.3734827,21.71,13.77
3.4187529,28.65,10.
2.2261633,11.52,8.782
1.07788719515014,1.0,2.273
3.2093327,67.83,16.405
3.102614,33.62,8.048
3.1394189,27.25,6.7
2.1965842468206,5.8,6.1384
3.1553323,36.79,15.665
2.376204,21.70,14.880
2.9327247,50.42,9.38
2.4306632,14,3.370
2.23056,13.27,6.7
2.3922064,18.7,10.
2.7547112,36.03,6.4249
3.0251277,32.33,7.04
3.0110923,32.47,11.60
2.5829669,29.64,19.46
2.7351457,21.11,81.0
1.24542926019145,1.77,5.223
1.86333778280526,8.1,4.795
3.0108748,57.12,9.52
3.0310316,20.03,32.55
2.2354154,9.66,6.683
2.5722066,36.41,12.5
3.0159606,25.66,6.01
3.0583532,30.58,4.861
2.7851366,30.57,20.4
1.8775582,7.86,2.59
2.782694,31.21,5.01
3.1968567,27.38,8.1
2.2327686,11.08,5.3
3.118624,51.16,17.94
2.7232807,14.20,3.44
1.36694536402591,3.4,10.196
3.1514196,33.93,6.3
2.8007,38.67,8.825
2.7822302,19.62,5.3
3.1698738,25,13.204
2.9260797,29.30,7.520
3.1749861,59.48,11.527
2.6559866,18.93,5.867
3.0112872,31.30,5.57
3.0121827,24.06,3.90
3.140931,62.34,12.599
2.8911545,20.11,8.56
2.4727499,17.28,17.45
3.956038,64.25,19.8
1.7091659,6.35,5.2896
3.9482974,79.52,4.285
3.0880253,26.21,3.624
3.0172799,27.92,18.0
2.6598337,21.36,12.
3.3489138,73.83,11.0
3.0229224,23.26,6.325
3.132611,25.70,23.0
2.6835795,24.73,17.978
2.3711055,15.90,6.35
3.2092012,30.78,13.64
3.2144624,34.87,16.141
2.6102566,23.90,6.37
3.0625852,21.14,8.01
1.47070215088165,1.5,3.065
2.25929194503991,2.1,7.4568
1.46095124764893,3.7,8.572
1.07999722859064,1.2,6.810
1.89393860713174,8.2,2.400
5.1343794,122.67,24.
2.4261678,11.22,3.079
3.0921651,33.53,17.490
3.9707092,96.86,21.2
2.54108803526282,0.5,4.9
2.27322754429176,3.5,3.49
2.14964229048536,5.7,2.690
2.3390053,12.28,6.183
2.8941812,27.00,13.056
2.6757569,24.81,19.651
1.43021276594602,2.3,2.8695
1.3904652,5.57,5.3016
3.118126,35.55,47.7
2.5261733,24.55,8.46
2.42264289526321,44.67,18.160
1.709867398534,4.3,7.2523
1.77612013547092,3.4,5.220
2.3818768,6.66,3.6898
3.0065402,30.45,7.462
2.9619755,20,11.110
3.1181985,21.36,10.044
13.6851394829251,166,5.918
2.26349426816897,2.6,11.50
0.966699016119134,1.1,40.77
2.1784258,13.61,4.233
3.9549796,42.59,17.75
3.1686553,34.53,32.52
3.0130519,30.48,71.3
2.2320567,12.69,6.1124
0.832039823278973,3.4,19.7998
3.143389,22.81,9.249
2.3898599,22.25,15.800
3.017771,24.5,6.564
3.1926553,27.67,5.486
3.0641821,41.18,2.769
1.8872634,7.77,2.572
2.98726,29.49,5.308
2.17145282224056,1.80,26.
2.5935,25.16,8.
5.1261969,85.11,8.01
2.8454256,16.44,9.47
3.1679484,25.22,4.987
3.9488567,44.21,4.992
2.7097626,26.42,5.67
2.693778,23.47,3.810
3.3946856,46.94,4.883
2.4584829,15.54,8.90
2.6459788,21.59,27.78
2.10443391379387,2.3,5.9
2.6106204,12.04,3.91
2.9104778,24.04,5.811
3.0077477,30.89,3.974
2.7934662,30.24,10.065
3.0185927,26.1,6.878
2.6027878,10.91,13.44
2.6869174,17.79,7.418
3.9668522,44.17,14.733
3.1570612,55.61,6.76
2.5023052546316,0.9,8.
3.1227486,26.42,6.132
5.1722522,98.10,8.480
2.5196897,11.95,21.75
3.0343698,40.14,9.956
3.9842527,57.90,13.0
5.1057071,111.14,14.8
3.0826024,38.25,6.
3.0269828,23.99,13.73
3.1660923,56.13,14.00
5.1789309,87.46,8.96
3.1336149,49.04,4.781
2.3145471,9,3.26
3.0237467,25.64,6.8191
2.6063927,15.95,4.069
3.019098,25.58,4.401
2.6762556,18.91,11.844
2.3742937,15.18,11.605
5.1841855,116.14,17.3
2.6469374,22.47,8.3711
2.15205007718856,1.6,151.8
1.40525989084669,1.5,5.7059
2.578988,18.04,10.
1.76855613157455,4.9,2.3581
3.978862,50.01,14.7
3.1980821,41.25,8.33
2.5404217,12.27,15.450
1.57432401919012,2.2,3.0202
1.27137049604526,5.10,3.604
2.6064224,20.7,2.343
2.3776539,13.75,5.445
2.3297398,13.6,6.8782
2.5280459,8.62,3.94
2.03249734621851,2.8,75.
1.20959758219589,0.3,3.58
3.9608913,32.33,2.851
2.9991388,25.4,24.84
2.6868952,17.76,7.801
2.09245764007738,0.9,4.930
4.2304683657245,19.0,7.7
0.973712333379755,2.48,2.530
2.19767742260002,1.9,2.7053
2.7545775,19.32,3.5973
1.77420512655002,4.3,226.8
3.1436,24.74,6.626
3.9276657,45.31,11.478
2.7631214,14.15,3.973
3.1571743,53.23,11.17
1.83487071685524,0.5,9.0046
3.1828446,23.42,7.7
1.92794530705183,1.0,4.4260
2.4387942,20.38,8.40
2.5426877,11.41,106.3
2.5180457,16.26,3.40
2.63851226946694,4,6.1
1.82034763956811,3.4,7.475
2.5501806,17.31,4.021
2.835793,23.31,7.54
3.4022588,33.10,10.887
2.52527894591796,5.4,176.
2.30008120491104,1.8,3.5380
3.1553598,29.73,17.7
3.1530332,25.63,12.235
2.3133723,9.2,3.066
2.3669162,8.47,3.8732
2.9137758,34.50,7.78
3.1724672,24.1,11.200
3.1848647,20.93,3.6054
3.0598668,28.87,8.17
3.2488302,30.74,6.656
1.9308855,8.26,5.815
2.6131313,24.37,7.703
1.06319131222478,1.4,4.095
3.1113158,28.9,8.869
2.00216486415353,10.8,12.056
3.0900583,33.25,16.430
2.16431677671207,3.6,5.803
3.9470106,32.11,50.
2.8827979,22.21,42.02
3.9684514,42.34,6.79
1.8194695,5.68,7.268
2.14302602325647,4.3,6.25
2.4257193,10.62,6.144
3.9550513,34.37,13.61
1.89358843461195,0.4,2.706
3.1803421,28.39,8.733
2.80885973378454,2.3,3.50
3.1361158,32.80,8.07
2.49716007858255,0.7,6.0297
2.5996568,15.61,2.423
2.6365151,9.07,4.14
3.1568459,28.51,5.093
2.24727799079087,0.7,3.045
4.2281278,37.31,12.84
2.7449358,10.69,4.201
0.728537049385732,1.4,2.514
2.61060393691534,2.70,3.1642
1.12313861533324,1.9,3.7538
2.15903983081882,0.9,3.925
1.86480978946957,0.3,6.98
1.86466719120184,0.4,16.
1.32102842693754,0.3,20.
1.23214519786939,0.03,0.1784
